ID	consensusClass	cor_pval	separationLevel	LumP	LumNS	LumU	Stroma.rich	Ba.Sq	NE.like
TCGA-2F-A9KO-01A	LumP	2.05282427046964e-114	0.7041443936491	0.678308872213887	0.639611428789911	0.612591219478957	0.626947698115734	0.619756671234427	0.200300513908855
TCGA-2F-A9KP-01A	LumP	9.75488788154981e-169	0.401490755326427	0.77406554818962	0.72348017511292	0.722275181169368	0.573868179972619	0.495734438189165	0.275541621737258
TCGA-2F-A9KQ-01A	LumP	1.43775928681824e-161	0.476602945614656	0.763613416351492	0.686506328406349	0.657309864217355	0.546347470417583	0.472059970704237	0.188414230254405
TCGA-2F-A9KR-01A	Ba/Sq	5.58826832083413e-105	0.190667308955032	0.631084497838585	0.525251180978127	0.507599899336344	0.518195376503621	0.656848450759453	0.203035085470637
TCGA-2F-A9KT-01A	Ba/Sq	1.99708176811179e-120	0.58696646878487	0.60974268902322	0.54635506168492	0.555459150544282	0.549542448605408	0.691089764204354	0.286884965553217
TCGA-2F-A9KW-01A	LumU	2.27149253894516e-96	0.407360761988461	0.559726086674968	0.604763144933872	0.635598318968003	0.560080545588355	0.501538457831296	0.321703426470197
TCGA-4Z-AA7M-01A	LumP	1.76446277406013e-112	0.0846582236627418	0.674053771031289	0.647299109585954	0.668777105993809	0.576150370703409	0.541419612160447	0.283425806903559
TCGA-4Z-AA7N-01A	Stroma-rich	6.05973154663329e-156	0.422568458335637	0.70367616058066	0.726168672550725	0.669829740502387	0.755013374791281	0.643791250630008	0.287930953885517
TCGA-4Z-AA7O-01A	LumP	7.58811202176402e-129	0.895154599078178	0.707934369245347	0.627634543449702	0.621795084150441	0.561526356814587	0.614663693472406	0.183920301005389
TCGA-4Z-AA7Q-01A	Ba/Sq	1.53636803460474e-105	0.76354758344075	0.532676228452325	0.478148377964163	0.486402759818764	0.501221674967511	0.658175143451239	0.198293294752497
TCGA-4Z-AA7R-01A	LumU	2.16438443983599e-98	0.48768097754402	0.602349830326978	0.590900756073542	0.640740947856259	0.533137567725958	0.455891669987661	0.384682824558287
TCGA-4Z-AA7S-01A	LumP	4.78612754153653e-160	0.455926976151365	0.761321486114676	0.701952731371317	0.67493050839337	0.587281483223646	0.502978401828166	0.24539598189597
TCGA-4Z-AA7W-01A	Ba/Sq	7.00768070844929e-128	0.809222961333397	0.495563530462996	0.459095781034721	0.465283742719322	0.523470291805015	0.706062190972343	0.253181698426326
TCGA-4Z-AA7Y-01A	LumP	8.49339394624664e-135	0.74428393993288	0.71915496561059	0.587954589508224	0.571043244687507	0.466282980879867	0.514712052305781	0.165455947987147
TCGA-4Z-AA80-01A	LumP	1.64214002979509e-109	0.0506641231922037	0.66738080148796	0.632486276004778	0.66091749671007	0.447132066981417	0.365191106366428	0.224466030568576
TCGA-4Z-AA81-01A	Ba/Sq	3.32497640120283e-100	0.583804607759581	0.553940389959475	0.472121852594241	0.505536051109043	0.463519899728048	0.645273351097226	0.220828635536361
TCGA-4Z-AA82-01A	Ba/Sq	2.61329001015006e-157	0.718402025716015	0.4815108594126	0.425344142670378	0.415740867946942	0.538950711179546	0.757134267240769	0.279176180423181
TCGA-4Z-AA83-01A	LumP	5.4304406732263e-137	0.694323050217545	0.723158155766791	0.64793215849456	0.602887026930604	0.591577352960175	0.626740533599648	0.195947759518445
TCGA-4Z-AA84-01A	Ba/Sq	5.06149775511282e-90	0.967453097585292	0.531167006333572	0.512163580796043	0.529474143305939	0.526964801857097	0.618782123198664	0.340067518319009
TCGA-4Z-AA86-01A	Ba/Sq	2.32318460545363e-159	0.693710453600205	0.421498024575037	0.40060119582081	0.397844605430906	0.518015220015576	0.76027997432544	0.251450140278527
TCGA-4Z-AA87-01A	LumU	2.25650367729478e-127	0.373511001631824	0.62513559456361	0.661748014781571	0.70507136637625	0.553028152802089	0.437001004317256	0.301882432688682
TCGA-4Z-AA89-01A	LumP	8.29526394377905e-145	0.695926251710845	0.73686512236932	0.595629567005159	0.582011315749985	0.458713032120597	0.485826623541197	0.13848375686384
TCGA-5N-A9KI-01A	LumU	3.4818903041382e-100	0.353405472136336	0.588215449071118	0.631982561730108	0.645223718510759	0.632810452690414	0.552956995565607	0.250108334210177
TCGA-5N-A9KM-01A	LumNS	3.006302410805e-119	0.0959207743458352	0.682797750263742	0.688637673841073	0.632866721332464	0.622643062692416	0.536855615765734	0.182968700779223
TCGA-BL-A0C8-01A	LumU	7.83984699272027e-122	0.211014742989131	0.664350526962452	0.674937221895669	0.693985711315448	0.543079108398538	0.417199360790834	0.262528633255625
TCGA-BL-A13I-01A	Ba/Sq	2.23453022027345e-51	0.478964681518249	0.306461777962851	0.325849237403579	0.342906835574888	0.425950897187386	0.487343504956277	0.375424705394589
TCGA-BL-A13J-01A	Ba/Sq	5.36831893545001e-112	0.436008137654681	0.651447348786363	0.618014447764798	0.601503533995379	0.629175139914075	0.672979469056387	0.248351653467881
TCGA-BL-A3JM-01A	NE-like	5.97927930246921e-48	0.113449840467895	0.318735220614005	0.326239406187208	0.37553655657253	0.423712247432532	0.464067406796252	0.47231403394364
TCGA-BL-A5ZZ-01A	Ba/Sq	1.35726107258337e-121	0.432405352975577	0.418107247916985	0.445621725933051	0.436278346929062	0.584294462521971	0.693497213967681	0.365274539099111
TCGA-BT-A0S7-01A	Ba/Sq	2.28858340818612e-92	0.767014052511312	0.428653597233541	0.398700526823664	0.406992908370691	0.466119142013222	0.625114249240649	0.293617983310208
TCGA-BT-A0YX-01A	Ba/Sq	5.30379866368362e-111	0.723710772826596	0.46489589441865	0.367336095820973	0.369205792466485	0.40340648380032	0.670753552494306	0.160669309497815
TCGA-BT-A20J-01A	Ba/Sq	6.66032237220959e-85	0.609128503750368	0.481953357882215	0.473221262195274	0.493224822081493	0.533260506524684	0.604434183525493	0.352380449237116
TCGA-BT-A20N-01A	LumP	9.58751703790639e-96	0.146495044455307	0.633986873101777	0.546891393436069	0.548226233842819	0.523529506136032	0.621325590688657	0.253767643281872
TCGA-BT-A20O-01A	Ba/Sq	1.78731741396349e-57	0.328394524522796	0.257920601313456	0.302569892069767	0.313110076846648	0.445568167566842	0.512358931871406	0.304836301277632
TCGA-BT-A20P-01A	LumP	3.22907400806309e-132	0.699182966147115	0.714356844227689	0.613361612143293	0.594800562056838	0.537383938768188	0.545018124734139	0.266380483883106
TCGA-BT-A20Q-01A	LumP	2.46413891283903e-121	0.408896657852897	0.692965290391414	0.666302440714296	0.610061202510465	0.679682609245377	0.6546597384397	0.223039764371735
TCGA-BT-A20R-01A	Stroma-rich	1.18672948918708e-100	0.226990898229642	0.549978932987512	0.619048855063229	0.632336839868533	0.646379848428285	0.542990566770241	0.303332070466065
TCGA-BT-A20T-01A	LumP	2.51780506467854e-122	0.21058365996508	0.694993566556753	0.657624960136331	0.615308760017877	0.644027630384697	0.68569266091652	0.237188624313246
TCGA-BT-A20U-01A	Ba/Sq	7.01340560761811e-132	0.814642675880727	0.537311447967927	0.475014119816723	0.461805421459078	0.519330221026302	0.713722974319533	0.208476465282712
TCGA-BT-A20V-01A	Ba/Sq	7.66866156601878e-79	0.44603689193525	0.535583039495126	0.457704149164793	0.487124110772199	0.449128628398152	0.586445025901815	0.275000009749363
TCGA-BT-A20W-01A	LumNS	5.09616516626769e-160	0.0205399639978855	0.759906197978948	0.761280207835198	0.753865256627536	0.634906233571398	0.50427200032763	0.287505715849629
TCGA-BT-A20X-01A	Ba/Sq	6.43624863551777e-128	0.858767545608206	0.36611515890846	0.297832093106491	0.304872185943819	0.387840129901033	0.706134101358139	0.201566584165495
TCGA-BT-A2LA-01A	NE-like	3.24484749047387e-88	0.949532951720126	0.132603164943979	0.157962378959556	0.218453352807971	0.246572924429884	0.251755639554093	0.61380155533894
TCGA-BT-A2LB-01A	LumNS	1.6297949497053e-135	0.365823333989162	0.70857179686138	0.720470709933316	0.683386105476186	0.692502530894202	0.654861967743457	0.249406415363382
TCGA-BT-A2LD-01A	Ba/Sq	2.24726509147169e-105	0.556031183447314	0.499616281629104	0.524831797051126	0.536911720754745	0.587217329881179	0.657785111547282	0.347171780892992
TCGA-BT-A3PH-01A	LumP	1.45706753897802e-115	0.192369653100428	0.680802575634464	0.662701389723134	0.643245562772263	0.530167889654435	0.510665833851718	0.217334911002861
TCGA-BT-A3PJ-01A	Ba/Sq	1.38751143972084e-119	0.888479753833807	0.370366749612325	0.306305684326879	0.323861938038654	0.385279363276213	0.689339372578099	0.207519406161237
TCGA-BT-A3PK-01A	Ba/Sq	1.59586122389939e-140	0.823281314427164	0.459757751254623	0.423690269021331	0.428810159880111	0.494679286035515	0.72945657500368	0.254800062529562
TCGA-BT-A42C-01A	LumP	4.85388070638241e-128	0.570430274338797	0.706372488811855	0.624578621257044	0.607509043144105	0.492930874222839	0.518456388461923	0.174597718257532
TCGA-BT-A42E-01A	Ba/Sq	1.02168011559825e-135	0.905733763191514	0.414608155274175	0.344312440841625	0.35726145934505	0.408211020409195	0.720841551769489	0.228942166445766
TCGA-BT-A42F-01A	Ba/Sq	4.22137958068251e-116	0.895736920729211	0.414227318054995	0.359308922840387	0.362483755221442	0.403642686009283	0.681961907068829	0.195523717806897
TCGA-C4-A0EZ-01A	NE-like	5.32340054418364e-79	0.698389808474317	0.185929407892286	0.194829537625028	0.231542239217391	0.286829180362364	0.358036806174854	0.586930259418462
TCGA-C4-A0F0-01A	Ba/Sq	1.21610787863644e-112	0.736199059318509	0.302536232249547	0.255599836276936	0.26512862475959	0.39028809536176	0.674412114325516	0.274420617959664
TCGA-C4-A0F1-01A	Ba/Sq	2.72435474805628e-116	0.847654242399885	0.331694438546251	0.263573258765116	0.26201331825891	0.356246836642321	0.682370443293835	0.16119674098667
TCGA-C4-A0F6-01A	LumP	1.27300276788856e-123	0.570393248094156	0.697622079163476	0.66752131353751	0.666433924302988	0.623266328213224	0.619761388721991	0.2608873283305
TCGA-C4-A0F7-01A	Ba/Sq	4.28474363535358e-101	0.878114371262355	0.44673648657683	0.378794170201608	0.391437994079325	0.446923749531401	0.64746944987668	0.300110997499199
TCGA-CF-A1HR-01A	LumP	4.65320349049166e-155	0.366028776619228	0.753626378931505	0.717230849548176	0.685696785493114	0.622688933993892	0.554351869059793	0.2066423978784
TCGA-CF-A1HS-01A	Ba/Sq	4.69836920342283e-135	0.82649658258482	0.469491220181707	0.392446968186491	0.406592209970888	0.427369737849687	0.719627728963917	0.23879825825278
TCGA-CF-A27C-01A	LumP	5.43617461038383e-151	0.626994798601467	0.747132729519915	0.620390519211672	0.609250354439835	0.480730378184575	0.454626892709425	0.154881508282301
TCGA-CF-A3MF-01A	LumP	8.90877430743648e-140	0.401538714953599	0.72813939340681	0.665065223178982	0.621543600257941	0.520572851125003	0.451712835338859	0.158692694405357
TCGA-CF-A3MG-01A	LumP	5.02441346881085e-144	0.526281567978693	0.735530837637224	0.628258576342579	0.614736538202243	0.448664037685238	0.43427703231437	0.162187829349137
TCGA-CF-A3MH-01A	LumP	6.06594370332329e-143	0.718519928943425	0.733672131162716	0.609983368831647	0.590819197714058	0.49224616572521	0.532237432915613	0.170361522247752
TCGA-CF-A3MI-01A	LumP	4.9044844540381e-169	0.503413995402773	0.774489133861859	0.705650100327906	0.688604737259617	0.586884775035775	0.53258370278654	0.223582687583963
TCGA-CF-A47S-01A	LumP	2.778607774169e-154	0.511354011551594	0.752402843707916	0.658129860673714	0.617764466519346	0.518322169497433	0.471154095838773	0.125419048349443
TCGA-CF-A47T-01A	LumP	4.07264524457783e-139	0.644858200414502	0.726968751192036	0.622737152594563	0.60221255644296	0.528455121565846	0.515138022134005	0.204063267168609
TCGA-CF-A47V-01A	LumP	1.25265520705168e-169	0.538583238643958	0.775327195313486	0.687582203008073	0.645321238179468	0.579496824802639	0.522058336673798	0.19693522595069
TCGA-CF-A47W-01A	LumP	2.1417608599083e-146	0.673643595656894	0.739549026703845	0.625956179912439	0.606132443566681	0.535716513957786	0.475379455854741	0.227922851669699
TCGA-CF-A47X-01A	LumP	2.13875624633259e-156	0.420202595631044	0.75571841174413	0.68532865907932	0.660671115787728	0.51573801678824	0.38951184544817	0.16794711397033
TCGA-CF-A47Y-01A	LumP	1.53235927542822e-141	0.639865862706858	0.731238957287258	0.621992730170889	0.58108837189281	0.539923515242082	0.464083653385807	0.190944930665514
TCGA-CF-A5U8-01A	LumP	6.89511655278763e-155	0.560106319852295	0.753357733917639	0.654330232542906	0.625884760880773	0.527228193057331	0.443008840461043	0.167259872797474
TCGA-CF-A5UA-01A	LumP	7.84069516032568e-142	0.715467707313943	0.731746035782532	0.622771762896757	0.614349867372887	0.54451832872785	0.543269361142871	0.264823038295182
TCGA-CF-A7I0-01A	LumP	3.12789475163484e-174	0.326502624430174	0.781712904720702	0.748078180302367	0.701601168670398	0.655794294295015	0.50762711467235	0.233503830570354
TCGA-CF-A8HX-01A	LumP	1.47342275958893e-157	0.574271361316695	0.75751852078671	0.670903780500518	0.650895173077884	0.562490955284049	0.509282829100166	0.218487604660112
TCGA-CF-A8HY-01A	LumP	8.81223144675152e-128	0.78476234245104	0.705868372741447	0.587764619446466	0.562535629061492	0.510660457269023	0.54820870915041	0.207392915194799
TCGA-CF-A9FF-01A	LumP	1.34981577073546e-158	0.26052709478513	0.759113610312352	0.728179283846235	0.686676879943369	0.59407541323373	0.473500496200932	0.19541004089468
TCGA-CF-A9FH-01A	LumP	8.08936707091463e-143	0.567290336424831	0.733456320903604	0.622274909524997	0.601955144192236	0.472983919925307	0.441990422695113	0.166435236114007
TCGA-CF-A9FL-01A	LumP	7.5815201722273e-144	0.476442192498189	0.735224937438729	0.70726024218935	0.687707900083675	0.665352307423024	0.601809204257277	0.262958706458066
TCGA-CF-A9FM-01A	LumP	1.94834287106545e-148	0.61893244237808	0.742950497301236	0.634415601459467	0.604543527402056	0.530641012833433	0.523608328758576	0.136277490618267
TCGA-CU-A0YN-01A	Ba/Sq	1.81714067423051e-130	0.888070596160032	0.421389002232074	0.356003987371239	0.36103454412808	0.408729141657447	0.711044210303451	0.175800618909384
TCGA-CU-A0YO-01A	LumP	7.3468285315752e-135	0.643554919895881	0.719270852555067	0.67159309390066	0.634839325006985	0.655532403678695	0.608044624921252	0.187265122104078
TCGA-CU-A0YR-01A	LumU	4.96723759142144e-115	0.0122681434164904	0.653260641536723	0.678937799576447	0.679649539316908	0.590007882790963	0.561687386470929	0.262207465779514
TCGA-CU-A3KJ-01A	Ba/Sq	5.09011097018535e-105	0.904660089277345	0.348193369979426	0.273853930073834	0.296405418594216	0.334904247676138	0.656944609867856	0.203422561263484
TCGA-CU-A3QU-01A	LumU	1.92219926021647e-106	0.267624421512438	0.618106841586669	0.590629251408311	0.660296656749281	0.414672842221879	0.308571205352964	0.222269979250187
TCGA-CU-A3YL-01A	LumP	1.0716754148244e-170	0.419469918325076	0.776827720245227	0.724664267508638	0.695794302950388	0.609149845226779	0.500355612789709	0.220688734510809
TCGA-CU-A5W6-01A	LumP	5.33204867538422e-126	0.456668932764403	0.702370896572795	0.659265518504057	0.639162621868477	0.551631081160641	0.576797430387477	0.177823763011119
TCGA-CU-A72E-01A	Ba/Sq	5.60112085507244e-125	0.716818463053106	0.576134950355786	0.510806654028261	0.477821207592715	0.543325895403077	0.700342668964915	0.182398475299331
TCGA-DK-A1A3-01A	LumU	5.42559026550011e-130	0.153830499937572	0.619057183912079	0.699294799181982	0.710136943950094	0.660254479039064	0.536916979333321	0.29385079143058
TCGA-DK-A1A5-01A	Ba/Sq	6.23169987168188e-125	0.556892976409769	0.629450740870055	0.61356095285264	0.589867641893529	0.656398047843291	0.700250256505846	0.292614525230628
TCGA-DK-A1A6-01A	LumP	1.05911742068706e-106	0.0412211526455752	0.660901836116813	0.647929996207064	0.658687448967125	0.566434315039847	0.546352094336235	0.290655930831185
TCGA-DK-A1A7-01A	LumP	9.06207780860158e-143	0.298013661726629	0.733371135387556	0.705342438211214	0.688795869978307	0.589842962760107	0.492860262173728	0.270601500902868
TCGA-DK-A1AA-01A	LumP	4.99790430310849e-148	0.801296036704831	0.742272987770838	0.616194157068258	0.586996039255863	0.533058390178484	0.582862667343229	0.145577310679465
TCGA-DK-A1AB-01A	Ba/Sq	4.6905568464422e-134	0.64188415261384	0.445326342359631	0.412870313742331	0.385531048592768	0.532481593301862	0.717784980723467	0.192430930477681
TCGA-DK-A1AC-01A	LumU	2.41875790700529e-86	0.68663893466953	0.501317050078088	0.539692068745829	0.608544825536268	0.515222491427542	0.419857026009111	0.296069173627673
TCGA-DK-A1AD-01A	LumNS	1.39417278388758e-117	0.165695356622366	0.676810880862483	0.685125855920111	0.661894275528323	0.607992824688189	0.484588493609925	0.218238340322002
TCGA-DK-A1AE-01A	Ba/Sq	9.63023561838228e-73	0.707354223807814	0.442373637721146	0.370736430496767	0.3644462992202	0.410782587137808	0.567130169537033	0.244813200579074
TCGA-DK-A1AF-01A	Ba/Sq	2.64153012143357e-124	0.0802214050174741	0.659507947956317	0.666851250596239	0.632415103314795	0.696122426085179	0.698995639123918	0.227427947866811
TCGA-DK-A1AG-01A	LumP	1.66743848279711e-133	0.918529162744408	0.716762861478802	0.586899702707661	0.572790101853753	0.497692029899113	0.577972342509338	0.165275660156149
TCGA-DK-A2HX-01A	Stroma-rich	1.99567835748424e-120	0.61386492867075	0.577967464197763	0.633189235684068	0.615568699660576	0.691090396733469	0.567437483197813	0.287791048063853
TCGA-DK-A2I1-01A	LumNS	3.8708358987162e-148	0.574574615094541	0.673837829860142	0.742456987751123	0.707423279234079	0.68912955212168	0.516483618189705	0.258646094720042
TCGA-DK-A2I2-01A	Ba/Sq	1.49546731139672e-133	0.755701507792148	0.366062858020481	0.330226773292692	0.32591962800999	0.438219121887978	0.716850759837181	0.20328609434998
TCGA-DK-A2I4-01A	Ba/Sq	6.99595530753867e-110	0.301175443471222	0.506268959333739	0.527499876087446	0.526484203720086	0.625687914005959	0.668223301999704	0.290849786358205
TCGA-DK-A2I6-01A	Ba/Sq	2.4969387743516e-109	0.893890883960289	0.495921804963458	0.443191450884592	0.457314377506907	0.493921706666941	0.666966001944916	0.29157395394053
TCGA-DK-A3IK-01A	LumNS	8.51957696935669e-173	0.467678930029246	0.740013896926676	0.77974455766422	0.72578718277193	0.663796220810805	0.508208137103413	0.200992448861483
TCGA-DK-A3IL-01A	LumNS	1.14450951935404e-128	0.361544420503325	0.68735695550984	0.707589367662262	0.693091491259555	0.647622083287636	0.527566304332405	0.299178428914469
TCGA-DK-A3IM-01A	Ba/Sq	2.23722580064073e-102	0.817966174480252	0.348400558591115	0.247827445009769	0.271708387699499	0.290586129492311	0.650602220074558	0.208345567949357
TCGA-DK-A3IN-01A	Ba/Sq	9.89978228452505e-145	0.746464308292382	0.617459708471503	0.616218553632315	0.61013257513748	0.647236884500106	0.73673449270084	0.29418372396885
TCGA-DK-A3IQ-01A	Stroma-rich	4.18882133227762e-133	0.545925365100964	0.521652852497247	0.58154071839389	0.527901478984186	0.716017686810656	0.627961788050822	0.303448407148307
TCGA-DK-A3IS-01A	LumP	9.52376174061956e-133	0.785034187407604	0.715351182477576	0.590788969887428	0.598895117430714	0.495360173956679	0.543222965746596	0.219473688518933
TCGA-DK-A3IT-01A	LumNS	4.96566287997108e-127	0.95736491975246	0.671529295791452	0.704400732349561	0.67015736330897	0.669973449520836	0.590173134346891	0.288464286803661
TCGA-DK-A3IU-01A	Ba/Sq	2.23892912954104e-123	0.329895722121369	0.438324379592129	0.486927656839064	0.476248861724876	0.626021697423683	0.697127008861289	0.302493109214868
TCGA-DK-A3IV-01A	LumP	5.98143987054438e-108	0.00853505194180912	0.663800213288571	0.613469952527619	0.662841524814686	0.489483106834778	0.46035432569732	0.191008723525342
TCGA-DK-A3WW-01A	Ba/Sq	8.69736475541421e-118	0.909987011692725	0.360496527030376	0.281027516477335	0.300056237677607	0.356628259073939	0.68556045942815	0.168154716705417
TCGA-DK-A3WX-01A	Ba/Sq	3.59630773655353e-145	0.791496917697635	0.379371167352746	0.335448651375374	0.337804785923126	0.437588441638506	0.737481488082558	0.217783479233896
TCGA-DK-A3WY-01A	Stroma-rich	2.55171156217956e-73	0.0433778289548894	0.351608963736679	0.401940201223894	0.396277476588314	0.569012862925631	0.561642795232965	0.369835294030442
TCGA-DK-A3X1-01A	LumP	1.38139284590923e-135	0.459932194363793	0.720602090080425	0.684066747576106	0.673368012534375	0.608963433984262	0.576218215566646	0.281507961283799
TCGA-DK-A3X2-01A	Ba/Sq	3.85808794405913e-92	0.461226997791057	0.553670786193804	0.448354172569104	0.493493138639722	0.42936361223429	0.62450805988995	0.331753311378041
TCGA-DK-A6AV-01A	LumP	5.94192141840878e-154	0.56817907290483	0.751880235235491	0.68717543322069	0.677813117468448	0.598185349435608	0.592180102459931	0.266750613524311
TCGA-DK-A6AW-01A	LumP	4.26892048664396e-90	0.702791378614167	0.61898409629913	0.570528056777042	0.569955510248713	0.530116740547762	0.511668037290846	0.236564418787292
TCGA-DK-A6B0-01A	LumP	1.73440816641598e-159	0.661068506928307	0.760473062877431	0.638034014451284	0.616984993458613	0.533533416732949	0.501999368243524	0.201516513720464
TCGA-DK-A6B1-01A	LumU	6.90502722285236e-125	0.38370640571178	0.642317181061357	0.650220557418033	0.700161346292309	0.497698213386629	0.331270410162276	0.225480058921589
TCGA-DK-A6B2-01A	LumNS	4.04778895053608e-140	0.550670418918063	0.689958451273551	0.728744605829187	0.704580301061206	0.679767539634895	0.55606610113566	0.247863878773074
TCGA-DK-A6B5-01A	Ba/Sq	1.39294832043894e-134	0.750704450220119	0.570525202397146	0.510820792563466	0.515254341820785	0.527344340165355	0.718759189143352	0.238052673122535
TCGA-DK-A6B6-01A	LumP	1.64090334484074e-143	0.330267926021452	0.734649676071302	0.682308203225649	0.687087954844305	0.498972134779275	0.393106633826517	0.174360480587926
TCGA-DK-AA6L-01A	Ba/Sq	5.53339866222507e-121	0.264483729838487	0.664334357786837	0.590334444800883	0.583115288365302	0.579663936985972	0.692241895032649	0.219935506732756
TCGA-DK-AA6M-01A	Ba/Sq	1.88243960094395e-150	0.773022359421543	0.500576742147132	0.454584039919065	0.467537916097159	0.543570642446185	0.746256342083814	0.305333253641874
TCGA-DK-AA6P-01A	LumP	2.7872858735266e-135	0.457635226607102	0.720043848571677	0.652804716054601	0.659142041390192	0.521124243121794	0.391792637042957	0.261554427797593
TCGA-DK-AA6Q-01A	Ba/Sq	6.69346933032186e-106	0.681997175925927	0.466635612055642	0.360101367439557	0.367567714212973	0.386287942605435	0.659025271749966	0.209690309320306
TCGA-DK-AA6R-01A	Ba/Sq	4.41379353270784e-129	0.843405120275793	0.434986436686882	0.348959367865591	0.362112629671071	0.406335232740783	0.708388460533815	0.18843256148714
TCGA-DK-AA6S-01A	Ba/Sq	3.28516318672012e-135	0.310510368540304	0.544424777803429	0.551296851559237	0.534598680324233	0.666488981350588	0.719912954781122	0.313037357472949
TCGA-DK-AA6T-01A	Stroma-rich	4.08827963959488e-76	0.620332770522918	0.526758121699209	0.540576976171565	0.550487027576981	0.577968129379898	0.488752181553526	0.395598296716096
TCGA-DK-AA6U-01A	LumP	3.53097252621138e-116	0.0427995120149686	0.682128589569964	0.627252138510503	0.676968609795008	0.495881741225825	0.483176121340152	0.238947860987363
TCGA-DK-AA6W-01A	Ba/Sq	1.19971281784115e-57	0.212488273701137	0.395955893605637	0.390854572262354	0.45141136423558	0.406130888824738	0.513039799049161	0.495133694298512
TCGA-DK-AA6X-01A	LumP	2.53556159264307e-101	0.655060959704535	0.648028858002168	0.618485466133043	0.619014618674212	0.588987397124021	0.58720291831669	0.223832620253195
TCGA-DK-AA71-01A	LumP	5.40529135670771e-124	0.67511018203068	0.698371217038313	0.641922275520255	0.634256792512723	0.556986374848814	0.59525681574983	0.236626913746435
TCGA-DK-AA74-01A	Ba/Sq	5.71949271058141e-155	0.533008558491203	0.43769007712756	0.450547848683561	0.411680535187674	0.588590477026084	0.753485476462537	0.253908663028459
TCGA-DK-AA75-01A	LumU	1.58476680760798e-112	0.194508359763422	0.651781833771996	0.626649385484577	0.674157235886606	0.491593719260243	0.432625916734017	0.271923864503483
TCGA-DK-AA76-01A	LumP	4.75996664812077e-129	0.438119790937772	0.708325235762119	0.615137808835458	0.633486037630474	0.459874600772171	0.423362565389557	0.200907158233195
TCGA-DK-AA77-01A	LumP	3.47692772189072e-139	0.733878813759022	0.727090844909052	0.612616592609076	0.602832304833797	0.49772029097535	0.539378933858667	0.159982404145919
TCGA-E5-A2PC-01A	Ba/Sq	1.37078438083868e-88	0.243206422298858	0.576900799057263	0.46289436969703	0.454791246103517	0.450377758379225	0.614840420242078	0.178788037979062
TCGA-E5-A4TZ-01A	Ba/Sq	3.9855317470622e-74	0.460512275268202	0.495875405875894	0.386311503157133	0.427959802705029	0.339872591380385	0.571624572468461	0.187833730350564
TCGA-E5-A4U1-01A	LumP	4.22042203058289e-116	0.546809762297699	0.681962118874429	0.590349037420472	0.584028437434102	0.444813701308336	0.378142478521592	0.215043214820081
TCGA-E7-A3X6-01A	Ba/Sq	1.08353183260635e-122	0.468019129275353	0.614711824900271	0.520653751530892	0.505543070808864	0.524568353234994	0.695739030447026	0.18999837398042
TCGA-E7-A3Y1-01A	LumP	3.62233747366724e-143	0.725675368753783	0.734058129641919	0.624919587091065	0.602731410098259	0.564593208046429	0.53313930169671	0.205936347952169
TCGA-E7-A4IJ-01A	LumP	2.10653603718219e-123	0.0654060397041804	0.697180502473558	0.648945727993815	0.690073167898987	0.528085666210428	0.465331273519708	0.250398985643304
TCGA-E7-A4XJ-01A	LumP	2.70877250981793e-158	0.420302348496953	0.758650068299225	0.696934203638692	0.668496340031677	0.555130135778364	0.516076781754873	0.19158137289315
TCGA-E7-A519-01A	LumP	9.21270086899322e-124	0.576420189141196	0.697905169430919	0.623535993898329	0.578146701599249	0.55962557081876	0.533218735784283	0.17478775770033
TCGA-E7-A541-01A	LumP	2.17015132205331e-126	0.547018815973714	0.703141623689787	0.633289761487824	0.650711150000552	0.58060291144073	0.581298165152529	0.281724422802727
TCGA-E7-A5KE-01A	LumP	3.14429078930698e-109	0.210612606064954	0.666737539548792	0.605646406206148	0.635831223858504	0.434338969043836	0.402725138871948	0.200652580711512
TCGA-E7-A5KF-01A	LumP	6.03467317229542e-145	0.616745776059465	0.73709996518527	0.60686901163331	0.603733783833448	0.448149663450539	0.405896887802406	0.158949158742551
TCGA-E7-A677-01A	LumP	2.91385634154455e-123	0.681020046730253	0.696895636390434	0.618002988256858	0.584093829956012	0.557275522876055	0.578007792828913	0.206192282517187
TCGA-E7-A678-01A	LumP	5.32308399800229e-133	0.67524286302854	0.715823433761899	0.589983046727711	0.569254794160552	0.489665773170218	0.455424937337408	0.152008756558159
TCGA-E7-A6MD-01A	Stroma-rich	6.8559461301482e-127	0.252090165478037	0.695538437460761	0.689246934257121	0.65087469211502	0.704125914483976	0.627967205749983	0.26731586863971
TCGA-E7-A6ME-01A	LumU	1.05242007660638e-101	0.454242615425761	0.603524738112174	0.599199782254702	0.648963806590784	0.498662636973101	0.377886442724414	0.431664550965589
TCGA-E7-A6MF-01A	LumP	5.99760598422911e-122	0.769773292736463	0.694223766937301	0.583975765291847	0.570047605113802	0.519212633203982	0.531957147007398	0.196774059696434
TCGA-E7-A7DU-01A	LumP	1.06012529787891e-168	0.652418192762106	0.774014230420421	0.659841577914957	0.647008724616509	0.55102136471327	0.51253000774753	0.199089314908544
TCGA-E7-A7DV-01A	Ba/Sq	2.24396478303913e-97	0.625063286904038	0.488029022426636	0.496585828152269	0.507667169207417	0.553133709730495	0.638168687318748	0.299619456478293
TCGA-E7-A7PW-01A	LumP	4.41612677133043e-129	0.255769563963963	0.708388018068212	0.649950900866906	0.673331879699831	0.492702305132305	0.425816680241509	0.235753243774889
TCGA-E7-A7XN-01A	Ba/Sq	1.3302631593551e-118	0.737624689840741	0.449596232278873	0.338463955270539	0.352222494373937	0.377878676022896	0.68728230368267	0.150338404504223
TCGA-E7-A85H-01A	LumU	2.89491711443061e-137	0.0233486499376851	0.687505445063126	0.72212217040903	0.723651686036506	0.628782589372964	0.506034581337224	0.319431202905541
TCGA-E7-A8O7-01A	LumP	1.26975737759091e-156	0.582350946845018	0.756070487573857	0.649904979817048	0.625514171832982	0.522016740149289	0.500269341727086	0.124335198783237
TCGA-E7-A8O8-01A	LumP	8.18320602319851e-147	0.53143582673403	0.740249736570827	0.659642079554229	0.649866333387185	0.52727513127402	0.482504959842519	0.204068401461986
TCGA-E7-A97P-01A	Ba/Sq	5.17209928311432e-144	0.788234607944006	0.459166441009157	0.404959069203843	0.389443628852951	0.496322233982246	0.735509310994889	0.17423866558335
TCGA-E7-A97Q-01A	LumNS	2.62988944655539e-164	0.402177862892024	0.712437749416041	0.767670628497502	0.739142165997932	0.681033627946977	0.500103547288463	0.263732408574067
TCGA-FD-A3B3-01A	Ba/Sq	8.80899796718552e-142	0.670705369972141	0.335273227891887	0.310263325048842	0.303744363161375	0.457413465804893	0.731657997274915	0.209146898469215
TCGA-FD-A3B4-01A	Ba/Sq	3.47348119751268e-149	0.678983913784491	0.362648907250395	0.322038291445272	0.309402905511688	0.471341206854083	0.744185167560241	0.23820838370272
TCGA-FD-A3B5-01A	Ba/Sq	1.18563288375106e-128	0.828870355825433	0.432415431451922	0.351590103945805	0.356126168118912	0.395091408333693	0.707559710578901	0.160447268967062
TCGA-FD-A3B6-01A	Ba/Sq	3.83532407662333e-122	0.807779138972958	0.429617912531904	0.392771368589528	0.420169212986152	0.476740727537727	0.694620607480799	0.275022655108614
TCGA-FD-A3B7-01A	Ba/Sq	1.75705299769618e-135	0.601733299702271	0.364477040024663	0.354108912213323	0.345420962033008	0.503114240546126	0.720410951384357	0.247288003968208
TCGA-FD-A3B8-01A	Ba/Sq	1.67910172195724e-122	0.372642808175696	0.351682458994565	0.379018144282882	0.348829007710089	0.572379264651756	0.695352038625286	0.25674828843455
TCGA-FD-A3N5-01A	Ba/Sq	7.5201084419453e-120	0.896093330424662	0.388084418952608	0.311581085772345	0.324665346760367	0.381510758214022	0.689893828367053	0.208784031473793
TCGA-FD-A3N6-01A	Ba/Sq	2.74834698790127e-97	0.828093166276197	0.322610099759858	0.233818402489237	0.239876500626989	0.274420889736025	0.637944520224306	0.133112952234404
TCGA-FD-A3NA-01A	LumP	4.31304090932382e-128	0.671928300324202	0.706472223453652	0.667397622969336	0.654216193347892	0.595656561800182	0.642422390372931	0.197218179665251
TCGA-FD-A3SJ-01A	LumNS	1.2156857146495e-117	0.0837340160500763	0.647056120311023	0.685252109254267	0.683122782984243	0.672588808975056	0.492968936098952	0.339515967060097
TCGA-FD-A3SL-01A	Stroma-rich	8.64896159954914e-112	0.192166093065168	0.581646136332503	0.662059497461891	0.654544705354743	0.672517593818611	0.461789586623004	0.259873389230604
TCGA-FD-A3SM-01A	Stroma-rich	6.73151732604925e-114	0.161149570133786	0.644420766730313	0.667509896489612	0.64075143467449	0.677181271621409	0.67376233200858	0.313921572681994
TCGA-FD-A3SN-01A	Ba/Sq	9.28804045922676e-140	0.76732888324647	0.621233845858158	0.586497481911489	0.57240280788622	0.632773118724475	0.728107362824506	0.320562057489353
TCGA-FD-A3SO-01A	Ba/Sq	1.95539809225593e-140	0.745462402773909	0.426203223348039	0.40307292238462	0.404601066795462	0.495301294170982	0.729301348843451	0.246862404868661
TCGA-FD-A3SP-01A	Ba/Sq	2.80656562578072e-124	0.255196724370943	0.401539099471508	0.449192179681609	0.43712708822655	0.633667812155385	0.698942851395495	0.345515705493071
TCGA-FD-A3SQ-01A	Stroma-rich	8.82393577192074e-146	0.406327925564249	0.678429934504989	0.708721312389716	0.645882562780711	0.738513750540075	0.651955230294744	0.243730492778761
TCGA-FD-A3SR-01A	LumU	3.93404104286757e-109	0.292642796372548	0.549838857801575	0.636305380546979	0.666515268728446	0.645022660068507	0.51686156395387	0.294245477630216
TCGA-FD-A3SS-01A	Ba/Sq	8.12776704475104e-101	0.719203249657376	0.548835672752916	0.539879968118447	0.579913180505337	0.558773330347319	0.646785203511099	0.33310373842504
TCGA-FD-A43N-01A	LumNS	1.18928878176829e-152	0.17574673149851	0.74066206975409	0.749807138942327	0.734136180902909	0.661407095373222	0.607161182882228	0.254204976004924
TCGA-FD-A43P-01A	LumU	3.12152879430389e-132	0.521029554211182	0.639658866087742	0.666642268619927	0.714384486612611	0.605849032571515	0.533530457287444	0.332875106515917
TCGA-FD-A43S-01A	Stroma-rich	9.36685912731797e-133	0.471931520829901	0.670721477844286	0.681622998462457	0.61701390603808	0.715364681461575	0.599796973900047	0.220904785649847
TCGA-FD-A43U-01A	LumNS	8.76076213069374e-119	0.164390534443606	0.639621340884531	0.687663698664337	0.65115841314696	0.680714282530551	0.595407896579278	0.273083968343859
TCGA-FD-A43X-01A	LumP	3.94957778644681e-168	0.658375756381933	0.773201233296568	0.652533176094791	0.630827979810553	0.549011605230255	0.512015212492308	0.226403963468381
TCGA-FD-A43Y-01A	Ba/Sq	1.87929214011908e-144	0.844672200146526	0.440808148852702	0.370155054129443	0.350767325685684	0.45686073366269	0.736260330218867	0.193683042818312
TCGA-FD-A5BR-01A	LumP	4.22212331845468e-124	0.225299033756314	0.698586837309281	0.693448282525445	0.673773589074306	0.677784667686816	0.657135717904613	0.228185327962164
TCGA-FD-A5BS-01A	Stroma-rich	1.4105788276412e-79	0.0361990377718731	0.370723709598897	0.445075768462326	0.416018090285705	0.588688826330813	0.582964241829558	0.27305082436144
TCGA-FD-A5BT-01A	Ba/Sq	7.80319060079662e-101	0.0948553313434298	0.417941016679346	0.491197193005586	0.467467874117345	0.630940896761559	0.64682881172561	0.310705728558469
TCGA-FD-A5BU-01A	Ba/Sq	1.26618287815984e-148	0.699114939239392	0.387549602493613	0.349046553980327	0.32402521280584	0.48111844041245	0.743259739312069	0.207325049014866
TCGA-FD-A5BV-01A	LumP	3.54770326044015e-137	0.456036005970057	0.723492270608877	0.675524896989635	0.680364182271715	0.582316296893417	0.501601320538461	0.239255778149445
TCGA-FD-A5BX-01A	Stroma-rich	2.53844255722208e-87	0.065528195937845	0.431891750257875	0.465188272787936	0.434500498823963	0.611305750711263	0.600725478755355	0.342017319177271
TCGA-FD-A5BY-01A	Ba/Sq	6.59592892892285e-135	0.842295542715105	0.545845094440274	0.490386935081373	0.476381225834584	0.549852610634024	0.719356971545373	0.234699279007292
TCGA-FD-A5BZ-01A	Stroma-rich	9.8299899796263e-132	0.174023738861732	0.657418306868698	0.703023047104287	0.649681016560603	0.713446522819906	0.622022748697583	0.24653558165914
TCGA-FD-A5C0-01A	LumP	8.27296697293657e-104	0.673765297090278	0.654057707592045	0.642218157419282	0.634478595703671	0.638492384989974	0.625587499258525	0.269248999366814
TCGA-FD-A5C1-01A	Ba/Sq	5.55695478010225e-149	0.718452142325362	0.454086433205287	0.433707388032264	0.415574387855837	0.528347899887588	0.74384943011692	0.22404689693689
TCGA-FD-A62N-01A	Ba/Sq	7.40672618043716e-136	0.492537410852143	0.405229642370589	0.419164077347311	0.405897383890644	0.569116373213208	0.721096614967561	0.284979496559148
TCGA-FD-A62O-01A	LumP	1.47650474707431e-175	0.26564711928089	0.783513504053958	0.754404730036208	0.709686732041337	0.638186580016362	0.549259183412386	0.232840832081242
TCGA-FD-A62P-01A	Ba/Sq	1.02962080619134e-130	0.697372759909214	0.590719232060894	0.585923317084552	0.562826231270679	0.625602747499359	0.71151399481645	0.263707040114284
TCGA-FD-A62S-01A	Ba/Sq	6.20056024903272e-168	0.536004341038931	0.440829086031515	0.440330768213762	0.415966615632591	0.594785042579401	0.772921647306061	0.281071488905993
TCGA-FD-A6TA-01A	LumNS	2.99212837669418e-141	0.231928167929182	0.723302065022299	0.730731393500846	0.697985995383663	0.699411020350303	0.618363027242235	0.229162733665954
TCGA-FD-A6TB-01A	Stroma-rich	1.4340578211617e-110	0.29354895269004	0.556570276071552	0.588932625332585	0.563267836141997	0.669780836660233	0.642280992904185	0.3036731395083
TCGA-FD-A6TC-01A	Stroma-rich	2.45093714819543e-117	0.233330857100821	0.667759712650157	0.679345858307094	0.655982216183036	0.684605236347163	0.656369898426311	0.312647852643382
TCGA-FD-A6TD-01A	Ba/Sq	6.22962268653095e-145	0.785485652748436	0.513381476725773	0.478182679906574	0.476217225139919	0.547543195538227	0.73707650866657	0.239155980348985
TCGA-FD-A6TE-01A	LumP	9.82579473168538e-94	0.502009890406204	0.628740282111598	0.542986053236316	0.582622326727833	0.453330382447483	0.530761256861355	0.225618765060747
TCGA-FD-A6TF-01A	Stroma-rich	1.60669796680876e-96	0.00489756032168898	0.473407189686213	0.52075751641752	0.524096899292101	0.63598436674939	0.635428213713744	0.346222864386166
TCGA-FD-A6TG-01A	Stroma-rich	2.05964696730979e-130	0.338310245863131	0.670435141576462	0.693907054796809	0.650748720317949	0.710940487262786	0.60212308979892	0.300128903421353
TCGA-FD-A6TH-01A	Ba/Sq	2.77687109518477e-86	0.456293054134184	0.492509901970789	0.522447335830863	0.536050126338985	0.572270144402586	0.608374836875523	0.334236896828762
TCGA-FD-A6TI-01A	LumNS	6.21124466938047e-131	0.242635972895429	0.695070001756656	0.711931168774165	0.666659742384777	0.618219353591407	0.5098148765921	0.174494506212123
TCGA-FD-A6TK-01A	Ba/Sq	2.25271297719394e-136	0.429061966795038	0.485567385120352	0.497028266501148	0.478786613915653	0.623036170623448	0.722038006269887	0.321912526550589
TCGA-FJ-A3Z7-01A	LumU	1.94814205664862e-103	0.462208151547564	0.574772909665999	0.617387135275452	0.653164531424848	0.576745399502237	0.44986600923745	0.268734981099994
TCGA-FJ-A3Z9-01A	LumP	3.43694993056663e-137	0.507710427274942	0.723517142361188	0.632837572207486	0.614966203971123	0.474858280509763	0.465547441041107	0.161220191154852
TCGA-FJ-A3ZE-01A	LumP	4.01832249102043e-104	0.603399424877377	0.654808434387545	0.579123557751253	0.590945769743747	0.475971727668568	0.518817058078199	0.255009694674842
TCGA-FJ-A3ZF-01A	LumU	2.66613814619292e-118	0.355451001065135	0.608808561866551	0.627518497349968	0.686646136455926	0.431792910182295	0.269468871071011	0.247986552493683
TCGA-FJ-A871-01A	Stroma-rich	9.38689091726557e-81	0.00186257594902697	0.486808409105338	0.498732085749747	0.494889657443826	0.592243831002689	0.592066079867755	0.477689158494864
TCGA-FT-A3EE-01A	LumP	4.29806163139075e-120	0.469694577460858	0.690399125332856	0.608573820679595	0.589369553763127	0.565560614494206	0.647456153420749	0.214929367074162
TCGA-FT-A61P-01A	Ba/Sq	8.40638581822988e-109	0.18660487614371	0.511098652435043	0.524833512942399	0.510449660789294	0.638181453882684	0.665760638702315	0.291900210364075
TCGA-G2-A2EC-01A	LumNS	4.07383938552074e-149	0.0434255679159742	0.741831587648995	0.744071315217023	0.682277285417194	0.702712862481127	0.565935695145913	0.238462335708842
TCGA-G2-A2EF-01A	Ba/Sq	4.44747335947588e-98	0.820289561585228	0.353270798489351	0.294218938475206	0.313640095359349	0.388535976187952	0.639951439864262	0.247127066936919
TCGA-G2-A2EJ-01A	Ba/Sq	8.69061488580846e-97	0.796809547983729	0.343315838628283	0.242413402747075	0.262633424464504	0.274385613150397	0.636668155586515	0.101366635922195
TCGA-G2-A2EK-01A	LumP	2.79784069811445e-150	0.288256250590366	0.745975972491269	0.720112957530743	0.676030580070425	0.636476756806951	0.524777048014579	0.182180100376653
TCGA-G2-A2EL-01A	NE-like	1.27815685907329e-66	0.731544519876921	0.132638665251051	0.103658280607717	0.176301885187894	0.145565628453634	0.264404363746565	0.546363053620227
TCGA-G2-A2EO-01A	LumP	2.80538388320703e-106	0.380033438971764	0.659912053555818	0.649399247432197	0.616064445832329	0.64843397124495	0.613678117514988	0.282478348208878
TCGA-G2-A2ES-01A	Ba/Sq	4.93425966262421e-123	0.867413683715822	0.411854830139638	0.338014340944779	0.337834732497797	0.398698545700615	0.696432432127672	0.146551214060157
TCGA-G2-A3IB-01A	Ba/Sq	3.08001775402697e-105	0.697894324384749	0.425825638248004	0.316094630989984	0.320866924475214	0.330242612854742	0.657461375115917	0.131783428755867
TCGA-G2-A3IE-01A	LumP	5.84823517358185e-167	0.408072279386432	0.771524596428633	0.71359915673147	0.707786541979767	0.551364711109286	0.451563745002319	0.190707752778576
TCGA-G2-A3VY-01A	LumU	1.0443875414547e-115	0.0863679360672486	0.669660020995221	0.644032491199813	0.681114726174982	0.452943310285059	0.34526324924764	0.25135291203916
TCGA-G2-AA3B-01A	LumP	7.35672394438791e-126	0.31378853559198	0.70209431912461	0.644559675513449	0.654780746951391	0.458065541472093	0.419342992399276	0.141616100150047
TCGA-G2-AA3C-01A	Ba/Sq	6.86746565992632e-67	0.59620414736356	0.313530369927539	0.320224576663628	0.344672555465287	0.430254994789836	0.54730954246707	0.357280533451033
TCGA-G2-AA3D-01A	LumP	4.31852455424975e-154	0.525688682245358	0.752099810357232	0.66619852302543	0.664313589988613	0.513071738415453	0.502338101506193	0.202898203232291
TCGA-G2-AA3F-01A	LumP	2.7221684993131e-138	0.00408509640582225	0.725496879143141	0.720043057711709	0.725103067239084	0.538146484989454	0.410116798567604	0.215908641434937
TCGA-GC-A3BM-01A	LumP	3.29577478335567e-128	0.626154892863488	0.706699168937174	0.572546650040548	0.567390181595824	0.524150746675296	0.62108453886681	0.203664255775114
TCGA-GC-A3I6-01A	Ba/Sq	1.60568830531732e-136	0.737012837778797	0.534430323828162	0.447105244267481	0.437854538786409	0.487677275101095	0.722305087331459	0.193574528707549
TCGA-GC-A3OO-01A	Stroma-rich	3.05956407174536e-109	0.25860245942576	0.657932416336479	0.638714860257028	0.614657542473029	0.666764621922119	0.626507178735005	0.2511503975967
TCGA-GC-A3RB-01A	LumP	7.69092051185495e-131	0.70795485730782	0.71175488684692	0.608853413578031	0.640974233569179	0.559761471831075	0.614698262372396	0.335919809372108
TCGA-GC-A3RC-01A	Ba/Sq	1.72520691695541e-130	0.904900918102366	0.377121317444653	0.295434194496137	0.313167068502528	0.37088037340513	0.711087183928203	0.221840040928012
TCGA-GC-A3RD-01A	LumP	2.94830470535186e-135	0.683870525819433	0.719999127166592	0.656532183627381	0.649848285933673	0.572696917258554	0.604538975841634	0.209353905770573
TCGA-GC-A3WC-01A	Ba/Sq	7.58407182437472e-102	0.703395826650471	0.423325999297979	0.370949106648743	0.357854665075587	0.471933344009993	0.649311317731856	0.208153055842412
TCGA-GC-A3YS-01A	Ba/Sq	2.33167014546411e-149	0.67712480908779	0.45186379744105	0.424762389724166	0.414371907794966	0.537163412850277	0.744469534368257	0.279184602189835
TCGA-GC-A4ZW-01A	LumP	1.48520696263265e-85	0.0378869239468028	0.60630213206881	0.551691502617511	0.604006183783925	0.510635152857917	0.539712724900141	0.435599558327154
TCGA-GC-A6I1-01A	Ba/Sq	6.66838546552962e-142	0.845805056339085	0.406287883192006	0.350019869841026	0.350380025005416	0.43284718097875	0.731868418885817	0.221146506245012
TCGA-GC-A6I3-01A	LumP	2.58580442608192e-121	0.103871197086839	0.692922253762118	0.690141795680578	0.681236829553375	0.65107102566453	0.561633020892439	0.295836371956685
TCGA-GD-A2C5-01A	LumNS	1.65882461575979e-155	0.46734035950699	0.721651838894649	0.754329342873908	0.711576876438804	0.657237247141385	0.491756800196829	0.247448579653247
TCGA-GD-A3OP-01A	LumNS	3.73164520769848e-161	0.289132038896938	0.746245644528772	0.762992358270334	0.739190578593668	0.670952851001058	0.48326780722623	0.202927424428529
TCGA-GD-A3OQ-01A	Ba/Sq	4.7980910648401e-112	0.265029313511012	0.63432406054025	0.527283119142768	0.526366649950986	0.49396994800032	0.673088100168312	0.166491167884596
TCGA-GD-A3OS-01A	Ba/Sq	6.24078698372097e-99	0.560314516988403	0.353131125280189	0.376796031771686	0.383689951071901	0.522229909082712	0.642098795662307	0.472644777716616
TCGA-GD-A6C6-01A	LumP	3.77992975025441e-109	0.617397036252819	0.666554922115462	0.601346562388139	0.587521222901457	0.534352234050729	0.507233350335262	0.26902472458252
TCGA-GD-A76B-01A	LumU	7.3594098162123e-133	0.029444757295699	0.703635831498633	0.713400657823312	0.71556059049546	0.580774500395702	0.459246279823112	0.213789245922003
TCGA-GU-A42P-01A	LumU	7.58745559095979e-127	0.442514612226319	0.638110665064742	0.641917990125506	0.704039476650375	0.489202479340649	0.376828783779594	0.289515310035587
TCGA-GU-A42Q-01A	Ba/Sq	4.37164718517963e-118	0.85696722609621	0.406284714687198	0.316605299168304	0.318157976172964	0.400974953138805	0.6861926549774	0.25564404790766
TCGA-GU-A42R-01A	LumP	1.68635375733004e-112	0.890101275714825	0.674097391163435	0.556285732640798	0.560213781532609	0.480918367927233	0.570981264283192	0.197417645319102
TCGA-GU-A762-01A	Ba/Sq	2.03358623836694e-127	0.653932802778957	0.413774633782234	0.380969666683541	0.388871410633	0.506470918142775	0.705159666592023	0.2826922762967
TCGA-GU-A763-01A	LumP	2.27479964664422e-125	0.580988561854487	0.701121796781964	0.58862801986466	0.549876660940693	0.465117391743362	0.436412751546492	0.145541367316132
TCGA-GU-A764-01A	Ba/Sq	5.77331347225837e-133	0.551835750186305	0.47465400144008	0.467866551197743	0.463930743923514	0.580835226688891	0.715757579295511	0.303630557778829
TCGA-GU-A766-01A	Ba/Sq	3.3905072607397e-125	0.76057808113839	0.393920806959985	0.351505839915546	0.346491232953511	0.451258966114993	0.700777032268988	0.203629350538335
TCGA-GU-A767-01A	LumNS	7.65383759672238e-134	0.00406999494245588	0.717198980162482	0.717390912978015	0.681145777245566	0.65932005164059	0.508573117562193	0.295831905076788
TCGA-GU-AATO-01A	Ba/Sq	1.76380129434831e-87	0.0919429470276576	0.586795032252161	0.60067897500966	0.605113982936973	0.610935173185542	0.611749110188406	0.270288271611226
TCGA-GU-AATP-01A	LumU	1.67469629048385e-139	0.0996076634708676	0.655280321364599	0.721780850615868	0.727653975131743	0.682102475126085	0.566249592449543	0.322214618140795
TCGA-GU-AATQ-01A	Ba/Sq	7.44674878941402e-123	0.746573342832974	0.534942644199156	0.451025694304663	0.443161093366631	0.509469310010194	0.696069873225834	0.260837461622322
TCGA-GV-A3JV-01A	LumNS	9.22617767824529e-136	0.0803720847842078	0.715919456623924	0.720922459273407	0.68654923094753	0.630799659832524	0.505522300948041	0.243440903792528
TCGA-GV-A3JW-01A	LumP	1.2107036683203e-133	0.386633087367997	0.717021242204439	0.661077721620239	0.66371484143999	0.497218053538624	0.401580482560475	0.214030033178824
TCGA-GV-A3JX-01A	LumU	5.66149843575729e-96	0.0472712223774083	0.631118808089467	0.573594707453861	0.634577466455574	0.502250711159535	0.549227713109973	0.289577225346603
TCGA-GV-A3JZ-01A	LumU	6.78926612466355e-117	0.714252638942347	0.608640282399975	0.628299026480395	0.683662237230773	0.603660023491866	0.513053601520975	0.374328987008652
TCGA-GV-A3QF-01A	LumP	9.70109551823253e-132	0.391778782232225	0.713457336915724	0.653540920060804	0.650663478470529	0.47038257984511	0.384368975640468	0.174487197227141
TCGA-GV-A3QG-01A	Stroma-rich	1.48958744683775e-87	0.603864174120496	0.483126822272852	0.575245850485993	0.573805928062689	0.611954637996015	0.52852373091203	0.260501286450142
TCGA-GV-A3QH-01A	LumU	5.93146550880801e-117	0.152042779597132	0.661687302846084	0.622115126761548	0.683787456288028	0.454750111859554	0.354049365547983	0.278740585627066
TCGA-GV-A3QI-01A	LumP	7.74703037669599e-65	0.414464221021433	0.540032336196536	0.445566701697846	0.486520988265359	0.376278586646584	0.373459402446262	0.333396271884534
TCGA-GV-A3QK-01B	LumP	3.35075142791749e-153	0.326847528200204	0.750686033924363	0.70175869085762	0.684205747261616	0.517776918218591	0.434167079031108	0.158970279864164
TCGA-GV-A40E-01A	Ba/Sq	2.92733569277851e-141	0.863305797952202	0.51367296764045	0.47821312266727	0.486047483179767	0.531421247835512	0.730748016937415	0.283960233749715
TCGA-GV-A40G-01A	LumU	4.8643930606789e-119	0.0191920596973713	0.685937284117497	0.635324895317959	0.688199931112684	0.505285058907396	0.45046991167029	0.253706247105451
TCGA-GV-A6ZA-01A	LumP	2.11021492238911e-142	0.594885919647556	0.732735960156343	0.637149730735835	0.640030649148324	0.516647940964804	0.47111867696724	0.220130557681678
TCGA-H4-A2HO-01A	LumU	7.32659434678567e-130	0.0942918906698799	0.666500734003666	0.699583716919683	0.709887184564681	0.534729546725326	0.34778073203993	0.173398079226905
TCGA-H4-A2HQ-01A	LumP	1.34057215143434e-125	0.873837380808825	0.701577850049572	0.571333824925251	0.58567484249627	0.511839369161363	0.56654824394969	0.264360981210173
TCGA-HQ-A2OE-01A	LumP	2.12273644105701e-109	0.358746091136652	0.667126788296263	0.6010422600976	0.619885348109328	0.469841532939905	0.457074986150607	0.242037028473832
TCGA-HQ-A2OF-01A	LumU	9.14095820751887e-66	0.00939811036469636	0.542615679888692	0.489551951878396	0.543345467831294	0.44183373320039	0.428979122416259	0.30069471998141
TCGA-HQ-A5ND-01A	Ba/Sq	1.50765874225637e-97	0.553011262491846	0.522448494592761	0.408569997130122	0.420656231792358	0.436461888557812	0.638607829951892	0.225527823269761
TCGA-HQ-A5NE-01A	Ba/Sq	1.15062093465463e-133	0.623632082616988	0.607482004735156	0.531149731253539	0.515498716662071	0.551548765224642	0.717062303049671	0.186566507433526
TCGA-K4-A3WS-01A	Stroma-rich	7.99188664125394e-135	0.409988217710264	0.605821255753648	0.67855564010353	0.634297491576184	0.719203608059015	0.595311417773333	0.262664678710314
TCGA-K4-A3WU-01B	LumNS	2.39877456284124e-127	0.685913596998392	0.639369463687571	0.705019447316345	0.669742069906917	0.667806978403562	0.53370092045064	0.224027557262184
TCGA-K4-A3WV-01A	Ba/Sq	7.24696657232404e-77	0.84880304531921	0.440529000795378	0.395190388372634	0.408975574777706	0.422277414007565	0.580328928084619	0.297692211409534
TCGA-K4-A4AB-01B	LumP	1.0476182885576e-100	0.330180340804427	0.64651344490805	0.614411671193517	0.563480455994174	0.634553885211336	0.639239351867039	0.159037720620775
TCGA-K4-A4AC-01A	Ba/Sq	4.64356520333659e-132	0.840511206481833	0.382273303413992	0.31349633172684	0.316730854052423	0.407645008721874	0.714060169029652	0.205434394518789
TCGA-K4-A54R-01A	LumNS	9.8292258275308e-107	0.286351702971552	0.65708119178311	0.660977543248914	0.63918302223341	0.635853694137968	0.655558316796739	0.285528316935181
TCGA-K4-A5RH-01A	Ba/Sq	1.31137354184448e-68	0.2945561565173	0.273191566221023	0.326706414031314	0.342239964221093	0.49861538322118	0.553270438671826	0.393199822608189
TCGA-K4-A5RI-01A	Ba/Sq	8.11413647340939e-119	0.796291199960926	0.51851437179043	0.451595734830476	0.436973976285596	0.526342466819112	0.687733648936855	0.243591005810386
TCGA-K4-A5RJ-01A	Ba/Sq	1.93691542552714e-58	0.648713773234131	0.298410206212349	0.30278181320996	0.330128554650749	0.386599937558406	0.516134955818488	0.28739089609433
TCGA-K4-A6FZ-01A	Ba/Sq	2.38119946135466e-106	0.326765728855037	0.602862365624061	0.488010813596401	0.481947904589145	0.448366584213759	0.660078892173295	0.108737518696107
TCGA-K4-A6MB-01A	LumNS	1.08796876560565e-127	0.0496606354349318	0.700884522207192	0.705689958980853	0.704123921768967	0.647425835803442	0.624471148259041	0.273138646526575
TCGA-K4-A83P-01A	Stroma-rich	1.64965659380445e-140	0.372998276941041	0.613173847655145	0.692393740048163	0.647095176164828	0.729431253607014	0.556374611388025	0.294002974045688
TCGA-K4-AAQO-01A	Stroma-rich	7.84471522044407e-128	0.178745697744671	0.63340388730751	0.69540535969872	0.660357199755382	0.705966768144231	0.521952390863033	0.281243705102995
TCGA-KQ-A41N-01A	LumP	3.49971489871652e-133	0.293255603975228	0.71616327984636	0.686073062544586	0.658052068284295	0.569059539715187	0.463536607027783	0.229807061484327
TCGA-KQ-A41O-01A	LumP	2.29847353183373e-119	0.484112174745746	0.688881540592323	0.608817601438352	0.595599907291858	0.451397110444703	0.37269123550597	0.211343550218054
TCGA-KQ-A41P-01A	LumP	1.40768434957975e-138	0.227057682585314	0.726008926842635	0.713120373672667	0.678841998995716	0.659649168226297	0.601755269187526	0.232112238541852
TCGA-KQ-A41Q-01A	LumU	5.04033139664501e-122	0.0403470673037966	0.690884967330693	0.676359434253789	0.694378183103767	0.539238583329724	0.44016328853115	0.268068974560504
TCGA-KQ-A41R-01A	LumP	2.99000554387881e-147	0.201586273283749	0.740980565004504	0.717231366066569	0.71896148820122	0.546271667122621	0.419760995809944	0.212491183025639
TCGA-KQ-A41S-01A	LumU	2.22578708572664e-123	0.262841601045164	0.671778554370763	0.69180786191924	0.697132176024686	0.681972316675034	0.581439710925793	0.298961247023075
TCGA-LC-A66R-01A	Ba/Sq	3.87335819136689e-136	0.832437500255847	0.459503403262049	0.40976724813589	0.42443709602575	0.488827355476828	0.721609822367351	0.249857931759719
TCGA-LT-A5Z6-01A	LumU	7.40468115597874e-108	0.0696751480646032	0.654577654801844	0.61781983514346	0.663586060123474	0.450769258820514	0.373182120553669	0.191916314060135
TCGA-LT-A8JT-01A	LumP	6.99553435443331e-168	0.423107298555854	0.772846801469476	0.702418060595609	0.661325099958094	0.551456538974311	0.458980787836346	0.152048411547614
TCGA-MV-A51V-01A	LumP	1.39535073752021e-126	0.01108934149914	0.703519373030702	0.690517270144006	0.702587635089732	0.54847940758694	0.411599316658605	0.205588179080701
TCGA-PQ-A6FI-01A	Ba/Sq	1.29588201601414e-118	0.907825442143936	0.349171406844897	0.259643334110889	0.282108261621963	0.347570629438149	0.687306231521614	0.226857375707872
TCGA-PQ-A6FN-01A	Ba/Sq	5.21756583920368e-145	0.84124194234293	0.489422204813098	0.446536044409048	0.431821503752836	0.510721262176638	0.737207270862975	0.239985284584387
TCGA-R3-A69X-01A	LumNS	2.55630334524729e-140	0.0953551065375009	0.709672661301549	0.72909646043731	0.683093849522341	0.725977089286933	0.603706416201598	0.287559750120686
TCGA-S5-A6DX-01A	LumNS	1.76005800601851e-113	0.774231544724644	0.63482239712316	0.67626497459378	0.633363530963482	0.612111680521911	0.543333046096807	0.225610575557589
TCGA-S5-AA26-01A	LumP	1.33241657974217e-135	0.71110231829974	0.720630759939497	0.600501904637091	0.587990363687108	0.50606543422	0.515404572970399	0.202040322882519
TCGA-SY-A9G0-01A	Stroma-rich	8.56519379678423e-145	0.577510801289948	0.58823166042003	0.653220847553339	0.595861463370673	0.736841472261736	0.559349036777435	0.289968051551452
TCGA-SY-A9G5-01A	Ba/Sq	4.45640038570312e-147	0.532702284711817	0.583568872748641	0.574370330736889	0.548694239171688	0.654541727628029	0.740691183965051	0.285934869349219
TCGA-UY-A78K-01A	LumU	1.15175774861496e-127	0.596144180827094	0.623574271715333	0.64546041218164	0.705641702832768	0.585807337080752	0.47392427933069	0.325708523370893
TCGA-UY-A78L-01A	Ba/Sq	1.59790774115427e-122	0.781901298865652	0.451431937987451	0.420810002271999	0.433881828045344	0.497778925212927	0.69539585812187	0.272312595760613
TCGA-UY-A78M-01A	LumP	8.57604186741391e-133	0.333812768437691	0.715436343993748	0.701875453252355	0.675289666196275	0.671650373639531	0.67433453746954	0.315197272399581
TCGA-UY-A78N-01A	LumP	1.58813333915057e-103	0.372978868481626	0.653377880956987	0.622526494855164	0.639591991309637	0.610306099757286	0.519603746695544	0.388787109834798
TCGA-UY-A78O-01A	LumP	6.62282740837184e-151	0.176505650540864	0.746993656326399	0.727605054385181	0.681914053732436	0.592379420430706	0.459550494635642	0.202210480282181
TCGA-UY-A78P-01A	Ba/Sq	2.56568414103122e-144	0.849649522902941	0.54734250473676	0.485540236785192	0.47310543302074	0.542366174084168	0.736029649399173	0.218797387269087
TCGA-UY-A8OB-01A	Ba/Sq	6.52608208938994e-133	0.845372224740243	0.475383716990767	0.400096823696212	0.408258700416362	0.454611123645877	0.715658137035935	0.247985442142806
TCGA-UY-A8OC-01A	Ba/Sq	2.78115556337409e-153	0.653710184166463	0.485475141187599	0.444157373388308	0.425585981452083	0.563854707340714	0.75081499454325	0.261684989011081
TCGA-UY-A8OD-01A	Stroma-rich	3.71030585221783e-111	0.320300467237856	0.561749452069563	0.645098849492179	0.618087010152576	0.671102071501349	0.516922371718777	0.260397576254861
TCGA-UY-A9PA-01A	LumP	4.00999661602357e-132	0.849296005308274	0.714180009468649	0.579434330729189	0.567057926141897	0.49496531994964	0.594485427294641	0.133963582312251
TCGA-UY-A9PB-01A	Ba/Sq	3.49896239453894e-154	0.558055722776148	0.426923248647081	0.429056901877152	0.422431863075692	0.571292456485801	0.752244486075767	0.311103898486788
TCGA-UY-A9PD-01A	LumNS	2.46189226501132e-144	0.175438969810482	0.677174641280276	0.736060260949258	0.723611019919867	0.653024834879778	0.502044208311505	0.284858061346249
TCGA-UY-A9PE-01A	LumNS	1.35760295502739e-139	0.256990974630485	0.677564932714486	0.72781552713964	0.710576977680751	0.643909274355076	0.523960977387952	0.265689124323918
TCGA-UY-A9PF-01A	LumP	3.05670450063922e-162	0.0955528478177084	0.76461757415585	0.756853538436869	0.728549164344888	0.638178305832657	0.493133725318495	0.198979944233464
TCGA-UY-A9PH-01A	LumP	1.66231577729693e-137	0.255360212267617	0.724086019246995	0.7109707776983	0.698185958095677	0.647266542125448	0.610829076071555	0.239498576991189
TCGA-XF-A8HB-01A	LumP	8.05159674377506e-90	0.45601088949295	0.618230835421744	0.500536271339192	0.515181732047177	0.445433203752787	0.567900077348216	0.253802163010471
TCGA-XF-A8HC-01A	LumP	1.16060633337485e-109	0.0400530918376093	0.667723819645327	0.622678542159302	0.662177472879933	0.435819353132537	0.327189200360441	0.171159797622573
TCGA-XF-A8HD-01A	Ba/Sq	7.14079068895184e-91	0.594432109089808	0.56585205289812	0.553961837354412	0.558933915624215	0.586201004567815	0.621095906361871	0.285899388219683
TCGA-XF-A8HE-01A	Ba/Sq	4.40919686618063e-122	0.893339039739489	0.386557650782849	0.305430852462509	0.317442142777165	0.382139827908561	0.694496914768086	0.158278466170966
TCGA-XF-A8HF-01A	LumNS	8.72921380016195e-130	0.407913170344502	0.683236608675384	0.709741418203696	0.693205692271145	0.655171493525284	0.539454388685995	0.290108457169167
TCGA-XF-A8HG-01A	LumP	2.07897483250918e-139	0.422000148745259	0.727487428156093	0.6672105187928	0.667558010171233	0.503738759978482	0.40453163331832	0.208853490338876
TCGA-XF-A8HH-01A	LumNS	1.67947137971289e-158	0.652612265596042	0.713948444261331	0.758968303437695	0.731533150316218	0.719910205248608	0.548179720369971	0.286171165464793
TCGA-XF-A8HI-01A	LumP	6.25764528677315e-157	0.740766713697129	0.756547341946688	0.631679252525013	0.613061453329372	0.53802592180058	0.562901210151087	0.188915732997686
TCGA-XF-A9SH-01A	LumP	2.8635849963819e-153	0.389823742992301	0.750794783504056	0.704128366887623	0.646846770280526	0.615319634566042	0.523752281374891	0.200933424398795
TCGA-XF-A9SI-01A	Stroma-rich	1.56680578324887e-81	0.240918327003163	0.413437044106052	0.466478834769726	0.465369571418337	0.594568422069529	0.563575672055324	0.351340896987266
TCGA-XF-A9SJ-01A	Ba/Sq	3.13030576052863e-93	0.750175519700846	0.597528614898208	0.601900601052682	0.598823784550929	0.607119707380881	0.627411241681977	0.257998974317464
TCGA-XF-A9SK-01A	Stroma-rich	4.13816171646118e-121	0.48119941716184	0.651322477744544	0.677967731849145	0.633569824974325	0.692501960689458	0.673273104297482	0.230459519775035
TCGA-XF-A9SL-01A	Stroma-rich	1.00961264556501e-125	0.438421206085421	0.562464270886008	0.650300471098676	0.606147577520262	0.701822019202938	0.518155133272267	0.259022632444188
TCGA-XF-A9SM-01A	Ba/Sq	6.72750499960855e-156	0.686858885948421	0.426676890836624	0.406424734540791	0.417163545798096	0.526203177516494	0.754942470968468	0.277717412561972
TCGA-XF-A9SP-01A	Stroma-rich	1.85080695841519e-139	0.354772040786363	0.628449394181947	0.693669932623231	0.635556203512973	0.727576979871678	0.593127053241221	0.276121092591874
TCGA-XF-A9ST-01A	Ba/Sq	4.38013501963108e-60	0.167591253480677	0.491670183949882	0.462209674632586	0.515314685027059	0.467917888357433	0.522466159701048	0.428586808889858
TCGA-XF-A9SU-01A	LumNS	1.22967601634051e-140	0.101365989001598	0.692922451138222	0.729655558775995	0.683072015957449	0.725432821439092	0.620516085636424	0.291033007861002
TCGA-XF-A9SV-01A	LumNS	1.57063527068414e-142	0.465174145522002	0.706607842262605	0.73295807549706	0.686768610056781	0.665855633000857	0.551268153537572	0.25731861505754
TCGA-XF-A9SW-01A	Stroma-rich	4.21742172643503e-103	0.858265481945687	0.433798673528407	0.529775467549147	0.491195326889331	0.652356472312703	0.527869395030752	0.294160421894753
TCGA-XF-A9SX-01A	Ba/Sq	6.32720850127723e-109	0.224444131653821	0.470038547540902	0.511065993027199	0.503916461484718	0.630457197448587	0.666043273873625	0.348941224639388
TCGA-XF-A9SY-01A	Ba/Sq	1.08268761188862e-126	0.656525475295424	0.351766177682636	0.334208408363421	0.338453701854039	0.468288887752003	0.703736094326997	0.266587363353316
TCGA-XF-A9SZ-01A	LumNS	9.35747008831831e-112	0.589883965481328	0.632099442102763	0.672441261790045	0.64612852608666	0.652782035064425	0.605910246014771	0.281887902427716
TCGA-XF-A9T0-01A	LumNS	5.00992324961413e-132	0.314026153705086	0.693173895311553	0.713998106839256	0.699152543588435	0.64027246590618	0.579641737136496	0.277586517323345
TCGA-XF-A9T2-01A	Ba/Sq	1.19360459645762e-87	0.425708865747623	0.477261631925818	0.478712236194746	0.494151077567194	0.558673000892111	0.612223854779316	0.451783512557861
TCGA-XF-A9T3-01A	Ba/Sq	5.08673413431664e-101	0.202895914582278	0.448537812712231	0.467176159758333	0.448976226667617	0.608896302586683	0.647286250133799	0.29266179679792
TCGA-XF-A9T4-01A	Ba/Sq	4.37228994866439e-134	0.69087647583885	0.536717341263591	0.441155353051665	0.435580399575634	0.470196144088568	0.717841473140554	0.17040413773893
TCGA-XF-A9T5-01A	Ba/Sq	2.20824960442204e-128	0.6704410236184	0.477436863189387	0.455283826544646	0.464800187281404	0.548867444737093	0.707036600826427	0.339946538945302
TCGA-XF-A9T6-01A	Ba/Sq	2.14525941085465e-122	0.790463784416378	0.552616301333842	0.496492034665274	0.512812805326218	0.516861889299308	0.695135315928134	0.306986660118633
TCGA-XF-A9T8-01A	Ba/Sq	1.96372731935005e-123	0.805010119037083	0.384119315905308	0.324851332632194	0.325056836011865	0.42140214282581	0.697242097476399	0.174275151357437
TCGA-XF-AAME-01A	Ba/Sq	6.23472097523875e-133	0.410695806410062	0.441632267558813	0.453428950376845	0.406554703229229	0.605561126914981	0.715695199795628	0.223615266849502
TCGA-XF-AAMG-01A	LumU	1.08245687459247e-86	0.688372258651725	0.538167325239625	0.562182171134737	0.609532670734917	0.568672323521858	0.478498841197542	0.410706441422871
TCGA-XF-AAMH-01A	Ba/Sq	7.78390399651536e-93	0.771922793682683	0.5616779654794	0.533102565372957	0.531385205444301	0.552029542286358	0.626361852446869	0.36925716976541
TCGA-XF-AAMJ-01A	Stroma-rich	2.35768574476477e-139	0.480399473870056	0.635597862729303	0.679039131155761	0.617886675055198	0.727390477724956	0.607137537526845	0.276542775915757
TCGA-XF-AAML-01A	LumU	9.19019860518458e-115	0.0398618553080797	0.673635265509016	0.617444884000595	0.679069084348071	0.468060774389197	0.432055710659204	0.244501630741215
TCGA-XF-AAMQ-01A	LumP	1.70319249709215e-119	0.921091139474632	0.689153531356007	0.603283216022688	0.592301368295853	0.546796879496965	0.599552233616837	0.209736844366378
TCGA-XF-AAMR-01A	Stroma-rich	1.46295451586708e-102	0.871392069911956	0.565050893607907	0.576916636501663	0.520059269286493	0.651049911560106	0.566899859723472	0.235500679276689
TCGA-XF-AAMT-01A	Ba/Sq	5.41508043189627e-171	0.583125446894039	0.472081567268917	0.45473663584863	0.430648210404434	0.594238161218865	0.777242264761799	0.279899161830101
TCGA-XF-AAMW-01A	Ba/Sq	1.05491108052493e-138	0.780481433037963	0.491565074468836	0.395980532397379	0.391858463812188	0.455144249065789	0.72623255567789	0.198924792442928
TCGA-XF-AAMX-01A	LumNS	2.89897679139062e-125	0.191668823485808	0.682134170425474	0.700912394094199	0.689827117287465	0.60401946577137	0.49766563589183	0.275769131131526
TCGA-XF-AAMY-01A	LumNS	8.27635523880099e-146	0.497642914477669	0.69636043382007	0.738560702442991	0.715456889706466	0.687907995310094	0.569551528225644	0.256726153350785
TCGA-XF-AAMZ-01A	LumP	1.23360722040422e-145	0.258378432253618	0.738268028311715	0.715951777177384	0.695594973181232	0.608200263400175	0.496078739931553	0.287590502726539
TCGA-XF-AAN0-01A	Ba/Sq	3.24178557485726e-90	0.291231917502241	0.609620050816959	0.568856625916494	0.593780306356337	0.578294123115817	0.619310208629614	0.261952918125635
TCGA-XF-AAN1-01A	LumP	2.81530157225836e-168	0.635587555717169	0.773410824428235	0.672450633804868	0.661778135133046	0.567352615859799	0.528643900841991	0.23796538318963
TCGA-XF-AAN2-01A	Ba/Sq	3.18057932278943e-116	0.764162276981994	0.524598583256486	0.45601150167837	0.484858135976256	0.467044225133098	0.682226080427649	0.19969269602956
TCGA-XF-AAN3-01A	Ba/Sq	1.00683033544273e-133	0.640359372702327	0.58023694199001	0.550624208036521	0.512159239138807	0.62000222187459	0.717169957939419	0.233477680642477
TCGA-XF-AAN4-01A	Stroma-rich	9.44178562919253e-80	0.0422669447361348	0.31937904807565	0.383022876140243	0.34376256487951	0.589218261513835	0.579673305852213	0.293637044409973
TCGA-XF-AAN5-01A	Ba/Sq	8.00406215107863e-111	0.848890924767583	0.433280605595069	0.355745272238998	0.359279226975111	0.422881099437513	0.670351559208499	0.169306555996506
TCGA-XF-AAN7-01A	NE-like	4.98710207120743e-46	0.665436191257271	0.25797872750917	0.278171530157402	0.32408850608033	0.391345432550034	0.385996727289328	0.463550515377246
TCGA-XF-AAN8-01A	Stroma-rich	7.31106328145064e-77	0.231375285906446	0.307976823868465	0.397585672691254	0.34449247783969	0.580316961114874	0.531895230442572	0.239853012021968
TCGA-YC-A89H-01A	LumP	7.1007912640948e-112	0.498831773647018	0.672708705073487	0.618939372461117	0.595608280317537	0.560798815025667	0.64006770848109	0.219899876045268
TCGA-YC-A8S6-01A	LumP	4.1669842633312e-141	0.73382520385877	0.730479746263219	0.685026554616713	0.640915748548208	0.667984599141939	0.669094733892857	0.252243645883941
TCGA-YC-A9TC-01A	Ba/Sq	1.5461263818639e-56	0.519979059255652	0.372404441362275	0.36438749181786	0.39170842844886	0.427819778132316	0.508646734814103	0.457229837097782
TCGA-YF-AA3L-01A	LumP	9.92526795322652e-158	0.520745179724331	0.757783039327657	0.691826164036594	0.670845724954436	0.591403077385508	0.502153079434203	0.220716625647089
TCGA-YF-AA3M-01A	Ba/Sq	1.40542422736276e-105	0.234844951082191	0.633354937106126	0.543019933182489	0.556505355957244	0.547874872157156	0.65826642259587	0.295091607867599
TCGA-ZF-A9R0-01A	LumNS	2.29801126920591e-147	0.24782859130589	0.728472026015258	0.741171233938175	0.706391889680341	0.673466777953262	0.510840783332757	0.260957023428113
TCGA-ZF-A9R1-01A	LumP	1.93341089506695e-141	0.686784778964447	0.7310627570429	0.669772948169834	0.639985594281537	0.64365661397014	0.598653400907439	0.2630109470112
TCGA-ZF-A9R2-01A	LumP	6.8357231704116e-116	0.941674080008279	0.681511484180165	0.539795917458358	0.54295601387799	0.437929765542013	0.528952262535795	0.205887240620537
TCGA-ZF-A9R3-01A	LumP	9.07619922341409e-163	0.314079181313704	0.765401575672428	0.724040397304333	0.698838358994456	0.568584213000362	0.473166616520684	0.165624848559571
TCGA-ZF-A9R4-01A	LumP	3.05891775132518e-133	0.234702674778791	0.716272266233876	0.661043926633716	0.682867046912881	0.486840711331518	0.395594351213061	0.191868281444884
TCGA-ZF-A9R5-01A	LumP	1.42311304784806e-117	0.739045977327598	0.685106915540763	0.562790815624802	0.555238258359535	0.483964773209199	0.468982022355142	0.176726343873002
TCGA-ZF-A9R7-01A	LumP	2.58124649358617e-118	0.608887237397996	0.6866757814283	0.63289206318609	0.619875651997883	0.540328885598288	0.576813583456196	0.16050384744367
TCGA-ZF-A9R9-01A	Stroma-rich	5.34361248050938e-131	0.00986858535823511	0.623935000983785	0.711359001240092	0.659078348754196	0.712055215535559	0.503108344401006	0.258981697988
TCGA-ZF-A9RC-01A	Stroma-rich	1.27921432189723e-134	0.284373552681978	0.688914334039092	0.708913828251885	0.67901839217943	0.718827379266671	0.628806634758348	0.339873151349192
TCGA-ZF-A9RD-01A	Ba/Sq	2.18540886746646e-128	0.881044083059498	0.384963286999605	0.317450989784642	0.312134819625477	0.393536199807386	0.707045355640568	0.151820165500964
TCGA-ZF-A9RE-01A	Ba/Sq	7.62831953197029e-90	0.412804017075096	0.530795743906857	0.399672053544954	0.412991496436092	0.361140657133863	0.618295024971155	0.151796245373492
TCGA-ZF-A9RF-01A	Ba/Sq	3.31567650412183e-59	0.814582060399397	0.369256602792978	0.347384996317309	0.392459253911765	0.406490614181215	0.519100678131906	0.315592217889682
TCGA-ZF-A9RL-01A	LumP	4.27829983895024e-137	0.462437868886986	0.723345368968386	0.632353013274951	0.617691366936882	0.435466047647981	0.360011253785006	0.160686268747404
TCGA-ZF-A9RM-01A	LumP	1.48320162718128e-139	0.227687323126458	0.727747443454575	0.654769175717162	0.687672801860209	0.448711018023423	0.347437288539824	0.193739565234397
TCGA-ZF-A9RN-01A	Ba/Sq	9.48104251365862e-64	0.863148165089896	0.416037212976185	0.368891122410279	0.428399715131875	0.406609891469251	0.536102024651485	0.406333550695963
TCGA-ZF-AA4N-01A	Ba/Sq	2.18358197043688e-96	0.810056881619095	0.312103725855073	0.252579890022628	0.258292704629688	0.351762667633497	0.635642353248111	0.218996120666586
TCGA-ZF-AA4R-01A	Ba/Sq	1.22930970159949e-111	0.602748376844685	0.573047529751871	0.594846977871172	0.586910261951752	0.623174355160441	0.672176551415072	0.331166252836823
TCGA-ZF-AA4T-01A	LumU	3.95048909184e-115	0.113974438177642	0.666474497606117	0.62818915283435	0.679865260364076	0.496563017097495	0.433862987813951	0.260048080219079
TCGA-ZF-AA4U-01A	LumP	3.72346661274244e-110	0.868512904031409	0.668844255585224	0.50809470871811	0.50140493678843	0.423561810470505	0.526326123190957	0.143756637265767
TCGA-ZF-AA4V-01A	Ba/Sq	4.48139609977596e-116	0.865040419072634	0.496275775772819	0.469450723697837	0.486878807267757	0.517263987004457	0.681906094467543	0.265959637594975
TCGA-ZF-AA4W-01A	Ba/Sq	2.9612184766028e-120	0.827714475070723	0.411397191470496	0.322159982913708	0.327151579948805	0.379356633519064	0.690735068993698	0.194511020710014
TCGA-ZF-AA4X-01A	LumP	4.83676144822933e-122	0.199420048411409	0.694414778558424	0.61601657000331	0.660269433833285	0.430366528022363	0.388857070496768	0.167487491447184
TCGA-ZF-AA51-01A	LumP	2.46709907581378e-120	0.11520072803447	0.690899514995797	0.687161674441132	0.67375724930978	0.643149125601595	0.592347400063551	0.264291143639653
TCGA-ZF-AA52-01A	Stroma-rich	2.49681943974292e-125	0.848747078466804	0.577128430927184	0.634110906456615	0.622034792633557	0.701041391551872	0.622332018790705	0.291784138893282
TCGA-ZF-AA53-01A	Ba/Sq	2.38702757667202e-161	0.72433350097237	0.438417681027902	0.412157162011181	0.395057061365755	0.518461627544005	0.763283537671199	0.244258317061239
TCGA-ZF-AA54-01A	Ba/Sq	4.83598314520894e-66	0.346402038461495	0.293724038584772	0.326346909587687	0.343274189765074	0.482403264693175	0.544325394376869	0.387860633097046
TCGA-ZF-AA56-01A	Ba/Sq	4.91586276961613e-129	0.513625618114261	0.623240459571937	0.542181883224446	0.52368298613875	0.543209219830679	0.708298245756833	0.160377953114109
TCGA-ZF-AA58-01A	Ba/Sq	7.42040873837668e-117	0.490627012985481	0.364399543958966	0.375062176309994	0.376283584709453	0.532512345512763	0.683579795484327	0.332888187419076
TCGA-ZF-AA5H-01A	Ba/Sq	1.25889976116007e-115	0.681502329802635	0.460614113389637	0.439945299832832	0.450815562995063	0.527448419329085	0.68093966037797	0.291138427750798
TCGA-ZF-AA5N-01A	LumP	2.72044724272372e-88	0.248960752723243	0.614014387952824	0.553260396391388	0.540554664583179	0.496762019645745	0.597307414205312	0.218473913260914
TCGA-ZF-AA5P-01A	Stroma-rich	5.40400038054258e-116	0.453468478046943	0.53625548288327	0.625301469424312	0.578326390491163	0.68173121141109	0.506089547464897	0.265335654766131
